{"cameraMode":{"drawMode":0,"name":"Shaded","section":"Shading Mode"},"sceneLighting":true,"audioPlay":false,"sceneViewState":{"m_AlwaysRefresh":false,"showFog":true,"showSkybox":true,"showFlares":true,"showImageEffects":true,"showParticleSystems":true,"showVisualEffectGraphs":true,"m_FxEnabled":true},"in2DMode":false,"pivot":{"x":-7.016555309295654,"y":2.2781572341918947,"z":18.370948791503908},"rotation":{"x":-0.026053233072161676,"y":-0.7816323041915894,"z":0.015422347001731396,"w":-0.6239295601844788},"size":1.0088828802108765,"orthographic":false}